{
  "DashBoard_Navigation_T13_ClickOnTerms&Condition&Update-0" : {
    "transaction" : "DashBoard_Navigation_T13_ClickOnTerms&Condition&Update-0",
    "sampleCount" : 10,
    "errorCount" : 0,
    "errorPct" : 0.0,
    "meanResTime" : 265.3,
    "medianResTime" : 269.0,
    "minResTime" : 222.0,
    "maxResTime" : 298.0,
    "pct1ResTime" : 297.8,
    "pct2ResTime" : 298.0,
    "pct3ResTime" : 298.0,
    "throughput" : 1.9845207382417147,
    "receivedKBytesPerSec" : 61.76491336326652,
    "sentKBytesPerSec" : 2.1174681236356423
  },
  "DashBoard_Navigation_T04_ClickOnOpeningHours" : {
    "transaction" : "DashBoard_Navigation_T04_ClickOnOpeningHours",
    "sampleCount" : 10,
    "errorCount" : 0,
    "errorPct" : 0.0,
    "meanResTime" : 354.5,
    "medianResTime" : 317.0,
    "minResTime" : 228.0,
    "maxResTime" : 812.0,
    "pct1ResTime" : 766.8000000000002,
    "pct2ResTime" : 812.0,
    "pct3ResTime" : 812.0,
    "throughput" : 1.5292858235204159,
    "receivedKBytesPerSec" : 30.54554284867717,
    "sentKBytesPerSec" : 1.6362163557118827
  },
  "DashBoard_Navigation_T13_ClickOnTerms&Condition&Update-1" : {
    "transaction" : "DashBoard_Navigation_T13_ClickOnTerms&Condition&Update-1",
    "sampleCount" : 10,
    "errorCount" : 0,
    "errorPct" : 0.0,
    "meanResTime" : 284.0,
    "medianResTime" : 294.0,
    "minResTime" : 232.0,
    "maxResTime" : 309.0,
    "pct1ResTime" : 308.2,
    "pct2ResTime" : 309.0,
    "pct3ResTime" : 309.0,
    "throughput" : 1.9657951641438962,
    "receivedKBytesPerSec" : 61.38080216728917,
    "sentKBytesPerSec" : 27.476210806958917
  },
  "AddService_T04_ClickonAddService" : {
    "transaction" : "AddService_T04_ClickonAddService",
    "sampleCount" : 10,
    "errorCount" : 0,
    "errorPct" : 0.0,
    "meanResTime" : 428.5,
    "medianResTime" : 276.5,
    "minResTime" : 220.0,
    "maxResTime" : 841.0,
    "pct1ResTime" : 840.5,
    "pct2ResTime" : 841.0,
    "pct3ResTime" : 841.0,
    "throughput" : 1.793400286944046,
    "receivedKBytesPerSec" : 36.57345655487805,
    "sentKBytesPerSec" : 1.6256192835365855
  },
  "DashBoard_Navigation_T02_Login-0" : {
    "transaction" : "DashBoard_Navigation_T02_Login-0",
    "sampleCount" : 10,
    "errorCount" : 0,
    "errorPct" : 0.0,
    "meanResTime" : 1808.8,
    "medianResTime" : 1917.0,
    "minResTime" : 924.0,
    "maxResTime" : 2534.0,
    "pct1ResTime" : 2517.7,
    "pct2ResTime" : 2534.0,
    "pct3ResTime" : 2534.0,
    "throughput" : 1.3227513227513228,
    "receivedKBytesPerSec" : 36.22956452546296,
    "sentKBytesPerSec" : 2.8711712549603177
  },
  "DashBoard_Navigation_T14_ClickOnAboutUs" : {
    "transaction" : "DashBoard_Navigation_T14_ClickOnAboutUs",
    "sampleCount" : 10,
    "errorCount" : 0,
    "errorPct" : 0.0,
    "meanResTime" : 537.0999999999999,
    "medianResTime" : 540.5,
    "minResTime" : 488.0,
    "maxResTime" : 574.0,
    "pct1ResTime" : 573.9,
    "pct2ResTime" : 574.0,
    "pct3ResTime" : 574.0,
    "throughput" : 1.877581674802854,
    "receivedKBytesPerSec" : 71.75699105801728,
    "sentKBytesPerSec" : 6.223523164663914
  },
  "DashBoard_Navigation_T02_Login-2" : {
    "transaction" : "DashBoard_Navigation_T02_Login-2",
    "sampleCount" : 10,
    "errorCount" : 0,
    "errorPct" : 0.0,
    "meanResTime" : 0.3,
    "medianResTime" : 0.0,
    "minResTime" : 0.0,
    "maxResTime" : 1.0,
    "pct1ResTime" : 1.0,
    "pct2ResTime" : 1.0,
    "pct3ResTime" : 1.0,
    "throughput" : 1.511258878645912,
    "receivedKBytesPerSec" : 0.8236656056369956,
    "sentKBytesPerSec" : 0.0
  },
  "DashBoard_Navigation_T02_Login-1" : {
    "transaction" : "DashBoard_Navigation_T02_Login-1",
    "sampleCount" : 10,
    "errorCount" : 0,
    "errorPct" : 0.0,
    "meanResTime" : 756.4,
    "medianResTime" : 784.0,
    "minResTime" : 402.0,
    "maxResTime" : 1169.0,
    "pct1ResTime" : 1155.7,
    "pct2ResTime" : 1169.0,
    "pct3ResTime" : 1169.0,
    "throughput" : 1.4140271493212668,
    "receivedKBytesPerSec" : 38.019240711609164,
    "sentKBytesPerSec" : 1.5018514917986425
  },
  "DashBoard_Navigation_T03_ClickOnSetUp" : {
    "transaction" : "DashBoard_Navigation_T03_ClickOnSetUp",
    "sampleCount" : 10,
    "errorCount" : 0,
    "errorPct" : 0.0,
    "meanResTime" : 786.4000000000001,
    "medianResTime" : 685.0,
    "minResTime" : 578.0,
    "maxResTime" : 1240.0,
    "pct1ResTime" : 1218.3000000000002,
    "pct2ResTime" : 1240.0,
    "pct3ResTime" : 1240.0,
    "throughput" : 1.3879250520471893,
    "receivedKBytesPerSec" : 83.04671235253296,
    "sentKBytesPerSec" : 5.120955499653019
  },
  "DashBoard_Navigation_T10_ClickOnRequestCallBackList" : {
    "transaction" : "DashBoard_Navigation_T10_ClickOnRequestCallBackList",
    "sampleCount" : 10,
    "errorCount" : 0,
    "errorPct" : 0.0,
    "meanResTime" : 350.3,
    "medianResTime" : 288.5,
    "minResTime" : 237.0,
    "maxResTime" : 660.0,
    "pct1ResTime" : 648.5,
    "pct2ResTime" : 660.0,
    "pct3ResTime" : 660.0,
    "throughput" : 1.7889087656529516,
    "receivedKBytesPerSec" : 100.57580500894454,
    "sentKBytesPerSec" : 1.9174865831842576
  },
  "DashBoard_Navigation_T12_ClickOnPrivacyPolicy&Update-1" : {
    "transaction" : "DashBoard_Navigation_T12_ClickOnPrivacyPolicy&Update-1",
    "sampleCount" : 10,
    "errorCount" : 0,
    "errorPct" : 0.0,
    "meanResTime" : 519.8000000000001,
    "medianResTime" : 533.0,
    "minResTime" : 451.0,
    "maxResTime" : 566.0,
    "pct1ResTime" : 564.3,
    "pct2ResTime" : 566.0,
    "pct3ResTime" : 566.0,
    "throughput" : 1.89897455374098,
    "receivedKBytesPerSec" : 59.293069633023165,
    "sentKBytesPerSec" : 26.542249216672996
  },
  "DashBoard_Navigation_T05_ClickOnClosingHours-0" : {
    "transaction" : "DashBoard_Navigation_T05_ClickOnClosingHours-0",
    "sampleCount" : 10,
    "errorCount" : 0,
    "errorPct" : 0.0,
    "meanResTime" : 303.0,
    "medianResTime" : 294.0,
    "minResTime" : 251.0,
    "maxResTime" : 422.0,
    "pct1ResTime" : 413.5,
    "pct2ResTime" : 422.0,
    "pct3ResTime" : 422.0,
    "throughput" : 1.528350909368791,
    "receivedKBytesPerSec" : 37.911759227418614,
    "sentKBytesPerSec" : 1.6292459498700902
  },
  "DashBoard_Navigation_T12_ClickOnPrivacyPolicy&Update-0" : {
    "transaction" : "DashBoard_Navigation_T12_ClickOnPrivacyPolicy&Update-0",
    "sampleCount" : 10,
    "errorCount" : 0,
    "errorPct" : 0.0,
    "meanResTime" : 289.9,
    "medianResTime" : 274.0,
    "minResTime" : 256.0,
    "maxResTime" : 424.0,
    "pct1ResTime" : 411.70000000000005,
    "pct2ResTime" : 424.0,
    "pct3ResTime" : 424.0,
    "throughput" : 1.9596315892612186,
    "receivedKBytesPerSec" : 60.87335268469528,
    "sentKBytesPerSec" : 2.085170487948266
  },
  "DashBoard_Navigation_T01_HomePage-1" : {
    "transaction" : "DashBoard_Navigation_T01_HomePage-1",
    "sampleCount" : 10,
    "errorCount" : 0,
    "errorPct" : 0.0,
    "meanResTime" : 821.4,
    "medianResTime" : 791.5,
    "minResTime" : 640.0,
    "maxResTime" : 1350.0,
    "pct1ResTime" : 1318.5,
    "pct2ResTime" : 1350.0,
    "pct3ResTime" : 1350.0,
    "throughput" : 1.7152658662092624,
    "receivedKBytesPerSec" : 172.98891777444254,
    "sentKBytesPerSec" : 1.5192833404802744
  },
  "AddService_T05_FillDetailsClickOK-1-1" : {
    "transaction" : "AddService_T05_FillDetailsClickOK-1-1",
    "sampleCount" : 10,
    "errorCount" : 0,
    "errorPct" : 0.0,
    "meanResTime" : 392.09999999999997,
    "medianResTime" : 271.0,
    "minResTime" : 228.0,
    "maxResTime" : 907.0,
    "pct1ResTime" : 876.0000000000001,
    "pct2ResTime" : 907.0,
    "pct3ResTime" : 907.0,
    "throughput" : 2.204585537918871,
    "receivedKBytesPerSec" : 133.18581555886246,
    "sentKBytesPerSec" : 2.469824735449736
  },
  "DashBoard_Navigation_T08_ClickOnBookings-0" : {
    "transaction" : "DashBoard_Navigation_T08_ClickOnBookings-0",
    "sampleCount" : 10,
    "errorCount" : 0,
    "errorPct" : 0.0,
    "meanResTime" : 435.6,
    "medianResTime" : 309.0,
    "minResTime" : 264.0,
    "maxResTime" : 1193.0,
    "pct1ResTime" : 1144.4,
    "pct2ResTime" : 1193.0,
    "pct3ResTime" : 1193.0,
    "throughput" : 1.5351550506601166,
    "receivedKBytesPerSec" : 431.83206962887624,
    "sentKBytesPerSec" : 1.6275042216763893
  },
  "DashBoard_Navigation_T16_Logout-0" : {
    "transaction" : "DashBoard_Navigation_T16_Logout-0",
    "sampleCount" : 10,
    "errorCount" : 0,
    "errorPct" : 0.0,
    "meanResTime" : 495.2,
    "medianResTime" : 522.5,
    "minResTime" : 443.0,
    "maxResTime" : 541.0,
    "pct1ResTime" : 540.4,
    "pct2ResTime" : 541.0,
    "pct3ResTime" : 541.0,
    "throughput" : 1.889287738522577,
    "receivedKBytesPerSec" : 19.181990069431325,
    "sentKBytesPerSec" : 3.9966553703003966
  },
  "AddService_T05_FillDetailsClickOK-1-0" : {
    "transaction" : "AddService_T05_FillDetailsClickOK-1-0",
    "sampleCount" : 10,
    "errorCount" : 0,
    "errorPct" : 0.0,
    "meanResTime" : 909.3,
    "medianResTime" : 846.5,
    "minResTime" : 691.0,
    "maxResTime" : 1293.0,
    "pct1ResTime" : 1278.0,
    "pct2ResTime" : 1293.0,
    "pct3ResTime" : 1293.0,
    "throughput" : 1.7995321216483715,
    "receivedKBytesPerSec" : 0.806626214684182,
    "sentKBytesPerSec" : 169.33632411822924
  },
  "DashBoard_Navigation_T15_ClickOnFooter" : {
    "transaction" : "DashBoard_Navigation_T15_ClickOnFooter",
    "sampleCount" : 10,
    "errorCount" : 0,
    "errorPct" : 0.0,
    "meanResTime" : 537.3,
    "medianResTime" : 545.0,
    "minResTime" : 472.0,
    "maxResTime" : 570.0,
    "pct1ResTime" : 569.4,
    "pct2ResTime" : 570.0,
    "pct3ResTime" : 570.0,
    "throughput" : 1.8733608092918694,
    "receivedKBytesPerSec" : 83.04275506978269,
    "sentKBytesPerSec" : 6.531516368490071
  },
  "DashBoard_Navigation_T16_Logout-1" : {
    "transaction" : "DashBoard_Navigation_T16_Logout-1",
    "sampleCount" : 10,
    "errorCount" : 0,
    "errorPct" : 0.0,
    "meanResTime" : 249.9,
    "medianResTime" : 262.5,
    "minResTime" : 213.0,
    "maxResTime" : 274.0,
    "pct1ResTime" : 273.5,
    "pct2ResTime" : 274.0,
    "pct3ResTime" : 274.0,
    "throughput" : 1.9561815336463224,
    "receivedKBytesPerSec" : 19.103335289514867,
    "sentKBytesPerSec" : 2.0681270784428794
  },
  "DashBoard_Navigation_T01_HomePage-0" : {
    "transaction" : "DashBoard_Navigation_T01_HomePage-0",
    "sampleCount" : 10,
    "errorCount" : 0,
    "errorPct" : 0.0,
    "meanResTime" : 805.7,
    "medianResTime" : 809.0,
    "minResTime" : 739.0,
    "maxResTime" : 865.0,
    "pct1ResTime" : 863.0,
    "pct2ResTime" : 865.0,
    "pct3ResTime" : 865.0,
    "throughput" : 1.8818216033120059,
    "receivedKBytesPerSec" : 18.871509808995107,
    "sentKBytesPerSec" : 1.2055419646217538
  },
  "AddService_T05_FillDetailsClickOK" : {
    "transaction" : "AddService_T05_FillDetailsClickOK",
    "sampleCount" : 10,
    "errorCount" : 0,
    "errorPct" : 0.0,
    "meanResTime" : 1301.6000000000004,
    "medianResTime" : 1106.0,
    "minResTime" : 926.0,
    "maxResTime" : 2200.0,
    "pct1ResTime" : 2153.9,
    "pct2ResTime" : 2200.0,
    "pct3ResTime" : 2200.0,
    "throughput" : 1.7155601303825698,
    "receivedKBytesPerSec" : 104.41126801338137,
    "sentKBytesPerSec" : 163.35650679790703
  },
  "DashBoard_Navigation_T15_ClickOnFooter-0" : {
    "transaction" : "DashBoard_Navigation_T15_ClickOnFooter-0",
    "sampleCount" : 10,
    "errorCount" : 0,
    "errorPct" : 0.0,
    "meanResTime" : 276.9,
    "medianResTime" : 274.0,
    "minResTime" : 243.0,
    "maxResTime" : 307.0,
    "pct1ResTime" : 306.9,
    "pct2ResTime" : 307.0,
    "pct3ResTime" : 307.0,
    "throughput" : 1.9719976336028395,
    "receivedKBytesPerSec" : 43.630255065568925,
    "sentKBytesPerSec" : 2.092551395188326
  },
  "DashBoard_Navigation_T15_ClickOnFooter-1" : {
    "transaction" : "DashBoard_Navigation_T15_ClickOnFooter-1",
    "sampleCount" : 10,
    "errorCount" : 0,
    "errorPct" : 0.0,
    "meanResTime" : 260.40000000000003,
    "medianResTime" : 266.5,
    "minResTime" : 229.0,
    "maxResTime" : 277.0,
    "pct1ResTime" : 276.9,
    "pct2ResTime" : 277.0,
    "pct3ResTime" : 277.0,
    "throughput" : 1.9876764062810572,
    "receivedKBytesPerSec" : 44.13301592625721,
    "sentKBytesPerSec" : 4.820891721327768
  },
  "AddService_T04_ClickonAddService-0" : {
    "transaction" : "AddService_T04_ClickonAddService-0",
    "sampleCount" : 10,
    "errorCount" : 0,
    "errorPct" : 0.0,
    "meanResTime" : 428.5,
    "medianResTime" : 276.5,
    "minResTime" : 220.0,
    "maxResTime" : 841.0,
    "pct1ResTime" : 840.5,
    "pct2ResTime" : 841.0,
    "pct3ResTime" : 841.0,
    "throughput" : 1.793400286944046,
    "receivedKBytesPerSec" : 36.57345655487805,
    "sentKBytesPerSec" : 1.6256192835365855
  },
  "DashBoard_Navigation_T14_ClickOnAboutUs-0" : {
    "transaction" : "DashBoard_Navigation_T14_ClickOnAboutUs-0",
    "sampleCount" : 10,
    "errorCount" : 0,
    "errorPct" : 0.0,
    "meanResTime" : 271.6,
    "medianResTime" : 272.5,
    "minResTime" : 233.0,
    "maxResTime" : 298.0,
    "pct1ResTime" : 297.0,
    "pct2ResTime" : 298.0,
    "pct3ResTime" : 298.0,
    "throughput" : 1.9782393669634024,
    "receivedKBytesPerSec" : 37.702460435212664,
    "sentKBytesPerSec" : 2.089515331355094
  },
  "DashBoard_Navigation_T03_ClickOnSetUp-0" : {
    "transaction" : "DashBoard_Navigation_T03_ClickOnSetUp-0",
    "sampleCount" : 10,
    "errorCount" : 0,
    "errorPct" : 0.0,
    "meanResTime" : 332.2,
    "medianResTime" : 285.5,
    "minResTime" : 250.0,
    "maxResTime" : 714.0,
    "pct1ResTime" : 677.9000000000001,
    "pct2ResTime" : 714.0,
    "pct3ResTime" : 714.0,
    "throughput" : 1.4494854326714017,
    "receivedKBytesPerSec" : 48.48302290186984,
    "sentKBytesPerSec" : 1.5281879620234817
  },
  "DashBoard_Navigation_T14_ClickOnAboutUs-1" : {
    "transaction" : "DashBoard_Navigation_T14_ClickOnAboutUs-1",
    "sampleCount" : 10,
    "errorCount" : 0,
    "errorPct" : 0.0,
    "meanResTime" : 265.5,
    "medianResTime" : 273.5,
    "minResTime" : 224.0,
    "maxResTime" : 290.0,
    "pct1ResTime" : 289.7,
    "pct2ResTime" : 290.0,
    "pct3ResTime" : 290.0,
    "throughput" : 1.988466892026248,
    "receivedKBytesPerSec" : 38.097394486975546,
    "sentKBytesPerSec" : 4.49075052197256
  },
  "DashBoard_Navigation_T03_ClickOnSetUp-1" : {
    "transaction" : "DashBoard_Navigation_T03_ClickOnSetUp-1",
    "sampleCount" : 10,
    "errorCount" : 0,
    "errorPct" : 0.0,
    "meanResTime" : 454.2,
    "medianResTime" : 339.5,
    "minResTime" : 291.0,
    "maxResTime" : 969.0,
    "pct1ResTime" : 941.7,
    "pct2ResTime" : 969.0,
    "pct3ResTime" : 969.0,
    "throughput" : 1.4380212827149843,
    "receivedKBytesPerSec" : 37.944663143514525,
    "sentKBytesPerSec" : 3.789691634311188
  },
  "DashBoard_Navigation_T10_ClickOnRequestCallBackList-0" : {
    "transaction" : "DashBoard_Navigation_T10_ClickOnRequestCallBackList-0",
    "sampleCount" : 10,
    "errorCount" : 0,
    "errorPct" : 0.0,
    "meanResTime" : 350.3,
    "medianResTime" : 288.5,
    "minResTime" : 237.0,
    "maxResTime" : 660.0,
    "pct1ResTime" : 648.5,
    "pct2ResTime" : 660.0,
    "pct3ResTime" : 660.0,
    "throughput" : 1.7889087656529516,
    "receivedKBytesPerSec" : 100.57580500894454,
    "sentKBytesPerSec" : 1.9174865831842576
  },
  "DashBoard_Navigation_T12_ClickOnPrivacyPolicy&Update" : {
    "transaction" : "DashBoard_Navigation_T12_ClickOnPrivacyPolicy&Update",
    "sampleCount" : 10,
    "errorCount" : 0,
    "errorPct" : 0.0,
    "meanResTime" : 809.7,
    "medianResTime" : 809.0,
    "minResTime" : 707.0,
    "maxResTime" : 905.0,
    "pct1ResTime" : 901.2,
    "pct2ResTime" : 905.0,
    "pct3ResTime" : 905.0,
    "throughput" : 1.775883502042266,
    "receivedKBytesPerSec" : 110.6151702073344,
    "sentKBytesPerSec" : 26.711438354643935
  },
  "DashBoard_Navigation_T04_ClickOnOpeningHours-0" : {
    "transaction" : "DashBoard_Navigation_T04_ClickOnOpeningHours-0",
    "sampleCount" : 10,
    "errorCount" : 0,
    "errorPct" : 0.0,
    "meanResTime" : 354.5,
    "medianResTime" : 317.0,
    "minResTime" : 228.0,
    "maxResTime" : 812.0,
    "pct1ResTime" : 766.8000000000002,
    "pct2ResTime" : 812.0,
    "pct3ResTime" : 812.0,
    "throughput" : 1.5295197308045274,
    "receivedKBytesPerSec" : 30.550214849724686,
    "sentKBytesPerSec" : 1.6364666182318752
  },
  "AddService_T01_Homepage" : {
    "transaction" : "AddService_T01_Homepage",
    "sampleCount" : 10,
    "errorCount" : 0,
    "errorPct" : 0.0,
    "meanResTime" : 1656.0,
    "medianResTime" : 1574.5,
    "minResTime" : 1371.0,
    "maxResTime" : 2181.0,
    "pct1ResTime" : 2165.7,
    "pct2ResTime" : 2181.0,
    "pct3ResTime" : 2181.0,
    "throughput" : 1.7015484090522377,
    "receivedKBytesPerSec" : 189.86073225072317,
    "sentKBytesPerSec" : 2.0770854602688447
  },
  "DashBoard_Navigation_T09_ClickOnContactList" : {
    "transaction" : "DashBoard_Navigation_T09_ClickOnContactList",
    "sampleCount" : 10,
    "errorCount" : 0,
    "errorPct" : 0.0,
    "meanResTime" : 284.8,
    "medianResTime" : 278.0,
    "minResTime" : 253.0,
    "maxResTime" : 350.0,
    "pct1ResTime" : 345.5,
    "pct2ResTime" : 350.0,
    "pct3ResTime" : 350.0,
    "throughput" : 1.7905102954341987,
    "receivedKBytesPerSec" : 59.735025458818264,
    "sentKBytesPerSec" : 1.908711951656222
  },
  "DashBoard_Navigation_T02_Login" : {
    "transaction" : "DashBoard_Navigation_T02_Login",
    "sampleCount" : 10,
    "errorCount" : 0,
    "errorPct" : 0.0,
    "meanResTime" : 2565.5,
    "medianResTime" : 2780.0,
    "minResTime" : 1377.0,
    "maxResTime" : 3453.0,
    "pct1ResTime" : 3446.6,
    "pct2ResTime" : 3453.0,
    "pct3ResTime" : 3453.0,
    "throughput" : 1.2507817385866167,
    "receivedKBytesPerSec" : 68.57007797842401,
    "sentKBytesPerSec" : 4.043420692620388
  },
  "DashBoard_Navigation_T06_ClickOnServices-0" : {
    "transaction" : "DashBoard_Navigation_T06_ClickOnServices-0",
    "sampleCount" : 10,
    "errorCount" : 0,
    "errorPct" : 0.0,
    "meanResTime" : 332.4,
    "medianResTime" : 305.0,
    "minResTime" : 252.0,
    "maxResTime" : 512.0,
    "pct1ResTime" : 501.70000000000005,
    "pct2ResTime" : 512.0,
    "pct3ResTime" : 512.0,
    "throughput" : 1.5342129487572875,
    "receivedKBytesPerSec" : 77.33182389153114,
    "sentKBytesPerSec" : 1.6324984657870514
  },
  "DashBoard_Navigation_T09_ClickOnContactList-0" : {
    "transaction" : "DashBoard_Navigation_T09_ClickOnContactList-0",
    "sampleCount" : 10,
    "errorCount" : 0,
    "errorPct" : 0.0,
    "meanResTime" : 284.8,
    "medianResTime" : 278.0,
    "minResTime" : 253.0,
    "maxResTime" : 350.0,
    "pct1ResTime" : 345.5,
    "pct2ResTime" : 350.0,
    "pct3ResTime" : 350.0,
    "throughput" : 1.7905102954341987,
    "receivedKBytesPerSec" : 59.735025458818264,
    "sentKBytesPerSec" : 1.908711951656222
  },
  "DashBoard_Navigation_T01_HomePage" : {
    "transaction" : "DashBoard_Navigation_T01_HomePage",
    "sampleCount" : 10,
    "errorCount" : 0,
    "errorPct" : 0.0,
    "meanResTime" : 1627.1,
    "medianResTime" : 1615.5,
    "minResTime" : 1390.0,
    "maxResTime" : 2162.0,
    "pct1ResTime" : 2129.9,
    "pct2ResTime" : 2162.0,
    "pct3ResTime" : 2162.0,
    "throughput" : 1.5008254539997,
    "receivedKBytesPerSec" : 166.41281611136125,
    "sentKBytesPerSec" : 2.2908107271499323
  },
  "AddService_T02_EnterCredentialsckickOK-1-1" : {
    "transaction" : "AddService_T02_EnterCredentialsckickOK-1-1",
    "sampleCount" : 10,
    "errorCount" : 0,
    "errorPct" : 0.0,
    "meanResTime" : 548.8,
    "medianResTime" : 528.5,
    "minResTime" : 332.0,
    "maxResTime" : 974.0,
    "pct1ResTime" : 954.0,
    "pct2ResTime" : 974.0,
    "pct3ResTime" : 974.0,
    "throughput" : 1.7006802721088434,
    "receivedKBytesPerSec" : 45.72670865221089,
    "sentKBytesPerSec" : 1.5415736607142858
  },
  "AddService_T02_EnterCredentialsckickOK-1-0" : {
    "transaction" : "AddService_T02_EnterCredentialsckickOK-1-0",
    "sampleCount" : 10,
    "errorCount" : 0,
    "errorPct" : 0.0,
    "meanResTime" : 1188.4,
    "medianResTime" : 1137.0,
    "minResTime" : 531.0,
    "maxResTime" : 1768.0,
    "pct1ResTime" : 1753.6000000000001,
    "pct2ResTime" : 1768.0,
    "pct3ResTime" : 1768.0,
    "throughput" : 1.680672268907563,
    "receivedKBytesPerSec" : 0.8373818277310924,
    "sentKBytesPerSec" : 1.7054556197478992
  },
  "DashBoard_Navigation_T07_ClickOnEPSNomination" : {
    "transaction" : "DashBoard_Navigation_T07_ClickOnEPSNomination",
    "sampleCount" : 10,
    "errorCount" : 0,
    "errorPct" : 0.0,
    "meanResTime" : 547.8,
    "medianResTime" : 543.5,
    "minResTime" : 498.0,
    "maxResTime" : 611.0,
    "pct1ResTime" : 606.8,
    "pct2ResTime" : 611.0,
    "pct3ResTime" : 611.0,
    "throughput" : 1.4710208884966167,
    "receivedKBytesPerSec" : 240.0647191729185,
    "sentKBytesPerSec" : 1.5767505148573109
  },
  "DashBoard_Navigation_T11_ClickOnUsers-0" : {
    "transaction" : "DashBoard_Navigation_T11_ClickOnUsers-0",
    "sampleCount" : 10,
    "errorCount" : 0,
    "errorPct" : 0.0,
    "meanResTime" : 411.7,
    "medianResTime" : 394.0,
    "minResTime" : 348.0,
    "maxResTime" : 563.0,
    "pct1ResTime" : 556.5,
    "pct2ResTime" : 563.0,
    "pct3ResTime" : 563.0,
    "throughput" : 1.8515089798185522,
    "receivedKBytesPerSec" : 414.27531504582487,
    "sentKBytesPerSec" : 1.9592725884095539
  },
  "DashBoard_Navigation_T16_Logout" : {
    "transaction" : "DashBoard_Navigation_T16_Logout",
    "sampleCount" : 10,
    "errorCount" : 0,
    "errorPct" : 0.0,
    "meanResTime" : 745.1,
    "medianResTime" : 785.0,
    "minResTime" : 657.0,
    "maxResTime" : 815.0,
    "pct1ResTime" : 813.9,
    "pct2ResTime" : 815.0,
    "pct3ResTime" : 815.0,
    "throughput" : 1.7998560115190785,
    "receivedKBytesPerSec" : 35.85070616225702,
    "sentKBytesPerSec" : 5.710324424046076
  },
  "DashBoard_Navigation_T02_Login-0-0" : {
    "transaction" : "DashBoard_Navigation_T02_Login-0-0",
    "sampleCount" : 10,
    "errorCount" : 0,
    "errorPct" : 0.0,
    "meanResTime" : 1169.0,
    "medianResTime" : 1197.0,
    "minResTime" : 539.0,
    "maxResTime" : 1989.0,
    "pct1ResTime" : 1958.0,
    "pct2ResTime" : 1989.0,
    "pct3ResTime" : 1989.0,
    "throughput" : 1.3931457230426303,
    "receivedKBytesPerSec" : 0.693307676232934,
    "sentKBytesPerSec" : 1.544296592017275
  },
  "DashBoard_Navigation_T08_ClickOnBookings" : {
    "transaction" : "DashBoard_Navigation_T08_ClickOnBookings",
    "sampleCount" : 10,
    "errorCount" : 0,
    "errorPct" : 0.0,
    "meanResTime" : 435.6,
    "medianResTime" : 309.0,
    "minResTime" : 264.0,
    "maxResTime" : 1193.0,
    "pct1ResTime" : 1144.4,
    "pct2ResTime" : 1193.0,
    "pct3ResTime" : 1193.0,
    "throughput" : 1.5351550506601166,
    "receivedKBytesPerSec" : 431.83206962887624,
    "sentKBytesPerSec" : 1.6275042216763893
  },
  "DashBoard_Navigation_T02_Login-0-1" : {
    "transaction" : "DashBoard_Navigation_T02_Login-0-1",
    "sampleCount" : 10,
    "errorCount" : 0,
    "errorPct" : 0.0,
    "meanResTime" : 639.2,
    "medianResTime" : 599.0,
    "minResTime" : 382.0,
    "maxResTime" : 1007.0,
    "pct1ResTime" : 991.7,
    "pct2ResTime" : 1007.0,
    "pct3ResTime" : 1007.0,
    "throughput" : 1.4245014245014245,
    "receivedKBytesPerSec" : 38.30754206730769,
    "sentKBytesPerSec" : 1.5129763176638178
  },
  "DashBoard_Navigation_T11_ClickOnUsers" : {
    "transaction" : "DashBoard_Navigation_T11_ClickOnUsers",
    "sampleCount" : 10,
    "errorCount" : 0,
    "errorPct" : 0.0,
    "meanResTime" : 411.7,
    "medianResTime" : 394.0,
    "minResTime" : 348.0,
    "maxResTime" : 563.0,
    "pct1ResTime" : 556.5,
    "pct2ResTime" : 563.0,
    "pct3ResTime" : 563.0,
    "throughput" : 1.8515089798185522,
    "receivedKBytesPerSec" : 414.27531504582487,
    "sentKBytesPerSec" : 1.9592725884095539
  },
  "DashBoard_Navigation_T05_ClickOnClosingHours" : {
    "transaction" : "DashBoard_Navigation_T05_ClickOnClosingHours",
    "sampleCount" : 10,
    "errorCount" : 0,
    "errorPct" : 0.0,
    "meanResTime" : 303.0,
    "medianResTime" : 294.0,
    "minResTime" : 251.0,
    "maxResTime" : 422.0,
    "pct1ResTime" : 413.5,
    "pct2ResTime" : 422.0,
    "pct3ResTime" : 422.0,
    "throughput" : 1.5285845307245491,
    "receivedKBytesPerSec" : 37.917554360287376,
    "sentKBytesPerSec" : 1.629494993885662
  },
  "DashBoard_Navigation_T13_ClickOnTerms&Condition&Update" : {
    "transaction" : "DashBoard_Navigation_T13_ClickOnTerms&Condition&Update",
    "sampleCount" : 10,
    "errorCount" : 0,
    "errorPct" : 0.0,
    "meanResTime" : 549.3,
    "medianResTime" : 567.5,
    "minResTime" : 454.0,
    "maxResTime" : 601.0,
    "pct1ResTime" : 599.7,
    "pct2ResTime" : 601.0,
    "pct3ResTime" : 601.0,
    "throughput" : 1.8726591760299625,
    "receivedKBytesPerSec" : 116.756093457397,
    "sentKBytesPerSec" : 28.172547986891388
  },
  "DashBoard_Navigation_T06_ClickOnServices" : {
    "transaction" : "DashBoard_Navigation_T06_ClickOnServices",
    "sampleCount" : 10,
    "errorCount" : 0,
    "errorPct" : 0.0,
    "meanResTime" : 332.4,
    "medianResTime" : 305.0,
    "minResTime" : 252.0,
    "maxResTime" : 512.0,
    "pct1ResTime" : 501.70000000000005,
    "pct2ResTime" : 512.0,
    "pct3ResTime" : 512.0,
    "throughput" : 1.5344483658124903,
    "receivedKBytesPerSec" : 77.34369006061071,
    "sentKBytesPerSec" : 1.632748964247353
  },
  "DashBoard_Navigation_T16_Logout-0-0" : {
    "transaction" : "DashBoard_Navigation_T16_Logout-0-0",
    "sampleCount" : 10,
    "errorCount" : 0,
    "errorPct" : 0.0,
    "meanResTime" : 245.70000000000002,
    "medianResTime" : 260.0,
    "minResTime" : 213.0,
    "maxResTime" : 268.0,
    "pct1ResTime" : 267.9,
    "pct2ResTime" : 268.0,
    "pct3ResTime" : 268.0,
    "throughput" : 1.986886548778065,
    "receivedKBytesPerSec" : 0.7683662825352672,
    "sentKBytesPerSec" : 2.102529554937413
  },
  "DashBoard_Navigation_T16_Logout-0-1" : {
    "transaction" : "DashBoard_Navigation_T16_Logout-0-1",
    "sampleCount" : 10,
    "errorCount" : 0,
    "errorPct" : 0.0,
    "meanResTime" : 248.60000000000002,
    "medianResTime" : 260.0,
    "minResTime" : 219.0,
    "maxResTime" : 273.0,
    "pct1ResTime" : 272.4,
    "pct2ResTime" : 273.0,
    "pct3ResTime" : 273.0,
    "throughput" : 1.9688915140775742,
    "receivedKBytesPerSec" : 19.228802114097263,
    "sentKBytesPerSec" : 2.0815644073636546
  },
  "AddService_T05_FillDetailsClickOK-1" : {
    "transaction" : "AddService_T05_FillDetailsClickOK-1",
    "sampleCount" : 10,
    "errorCount" : 0,
    "errorPct" : 0.0,
    "meanResTime" : 1301.6000000000004,
    "medianResTime" : 1106.0,
    "minResTime" : 926.0,
    "maxResTime" : 2200.0,
    "pct1ResTime" : 2153.9,
    "pct2ResTime" : 2200.0,
    "pct3ResTime" : 2200.0,
    "throughput" : 1.7155601303825698,
    "receivedKBytesPerSec" : 104.41126801338137,
    "sentKBytesPerSec" : 163.35650679790703
  },
  "AddService_T02_EnterCredentialsckickOK-2" : {
    "transaction" : "AddService_T02_EnterCredentialsckickOK-2",
    "sampleCount" : 10,
    "errorCount" : 0,
    "errorPct" : 0.0,
    "meanResTime" : 624.6999999999999,
    "medianResTime" : 660.5,
    "minResTime" : 338.0,
    "maxResTime" : 910.0,
    "pct1ResTime" : 908.2,
    "pct2ResTime" : 910.0,
    "pct3ResTime" : 910.0,
    "throughput" : 1.682935038707506,
    "receivedKBytesPerSec" : 45.248108012874454,
    "sentKBytesPerSec" : 1.5254885770784248
  },
  "AddService_T02_EnterCredentialsckickOK" : {
    "transaction" : "AddService_T02_EnterCredentialsckickOK",
    "sampleCount" : 10,
    "errorCount" : 0,
    "errorPct" : 0.0,
    "meanResTime" : 2362.4000000000005,
    "medianResTime" : 2338.0,
    "minResTime" : 1466.0,
    "maxResTime" : 2817.0,
    "pct1ResTime" : 2802.2,
    "pct2ResTime" : 2817.0,
    "pct3ResTime" : 2817.0,
    "throughput" : 1.4690759512266784,
    "receivedKBytesPerSec" : 80.80219007088292,
    "sentKBytesPerSec" : 4.15401310232114
  },
  "AddService_T02_EnterCredentialsckickOK-1" : {
    "transaction" : "AddService_T02_EnterCredentialsckickOK-1",
    "sampleCount" : 10,
    "errorCount" : 0,
    "errorPct" : 0.0,
    "meanResTime" : 1737.3,
    "medianResTime" : 1952.0,
    "minResTime" : 863.0,
    "maxResTime" : 2229.0,
    "pct1ResTime" : 2218.1,
    "pct2ResTime" : 2229.0,
    "pct3ResTime" : 2229.0,
    "throughput" : 1.5598190609889253,
    "receivedKBytesPerSec" : 42.7164980112307,
    "sentKBytesPerSec" : 2.996710975276868
  },
  "AddService_T01_Homepage-1" : {
    "transaction" : "AddService_T01_Homepage-1",
    "sampleCount" : 10,
    "errorCount" : 0,
    "errorPct" : 0.0,
    "meanResTime" : 798.2,
    "medianResTime" : 752.0,
    "minResTime" : 639.0,
    "maxResTime" : 1361.0,
    "pct1ResTime" : 1321.5,
    "pct2ResTime" : 1361.0,
    "pct3ResTime" : 1361.0,
    "throughput" : 1.968503937007874,
    "receivedKBytesPerSec" : 198.52862020177164,
    "sentKBytesPerSec" : 1.4360082431102361
  },
  "Debug Sampler" : {
    "transaction" : "Debug Sampler",
    "sampleCount" : 10,
    "errorCount" : 0,
    "errorPct" : 0.0,
    "meanResTime" : 0.4,
    "medianResTime" : 0.0,
    "minResTime" : 0.0,
    "maxResTime" : 1.0,
    "pct1ResTime" : 1.0,
    "pct2ResTime" : 1.0,
    "pct3ResTime" : 1.0,
    "throughput" : 1.872308556450103,
    "receivedKBytesPerSec" : 1.3669315203145478,
    "sentKBytesPerSec" : 0.0
  },
  "AddService_T01_Homepage-0" : {
    "transaction" : "AddService_T01_Homepage-0",
    "sampleCount" : 10,
    "errorCount" : 0,
    "errorPct" : 0.0,
    "meanResTime" : 857.5,
    "medianResTime" : 797.5,
    "minResTime" : 715.0,
    "maxResTime" : 1388.0,
    "pct1ResTime" : 1341.6000000000001,
    "pct2ResTime" : 1388.0,
    "pct3ResTime" : 1388.0,
    "throughput" : 1.9083969465648853,
    "receivedKBytesPerSec" : 19.13932043177481,
    "sentKBytesPerSec" : 0.9374254532442747
  },
  "AddService_T03_ClickServices" : {
    "transaction" : "AddService_T03_ClickServices",
    "sampleCount" : 10,
    "errorCount" : 0,
    "errorPct" : 0.0,
    "meanResTime" : 352.59999999999997,
    "medianResTime" : 305.0,
    "minResTime" : 231.0,
    "maxResTime" : 757.0,
    "pct1ResTime" : 726.0000000000001,
    "pct2ResTime" : 757.0,
    "pct3ResTime" : 757.0,
    "throughput" : 1.783166904422254,
    "receivedKBytesPerSec" : 98.1025641382846,
    "sentKBytesPerSec" : 1.6198260297788873
  },
  "Total" : {
    "transaction" : "Total",
    "sampleCount" : 420,
    "errorCount" : 0,
    "errorPct" : 0.0,
    "meanResTime" : 538.5666666666663,
    "medianResTime" : 340.5,
    "minResTime" : 0.0,
    "maxResTime" : 2534.0,
    "pct1ResTime" : 1104.7,
    "pct2ResTime" : 1465.75,
    "pct3ResTime" : 2215.8,
    "throughput" : 16.233138793336682,
    "receivedKBytesPerSec" : 670.30901996048,
    "sentKBytesPerSec" : 100.31595135372783
  },
  "AddService_T01_Homepage-4" : {
    "transaction" : "AddService_T01_Homepage-4",
    "sampleCount" : 10,
    "errorCount" : 0,
    "errorPct" : 0.0,
    "meanResTime" : 0.3,
    "medianResTime" : 0.0,
    "minResTime" : 0.0,
    "maxResTime" : 1.0,
    "pct1ResTime" : 1.0,
    "pct2ResTime" : 1.0,
    "pct3ResTime" : 1.0,
    "throughput" : 2.311604253351826,
    "receivedKBytesPerSec" : 1.6172200069348128,
    "sentKBytesPerSec" : 0.0
  },
  "AddService_T03_ClickServices-0" : {
    "transaction" : "AddService_T03_ClickServices-0",
    "sampleCount" : 10,
    "errorCount" : 0,
    "errorPct" : 0.0,
    "meanResTime" : 352.59999999999997,
    "medianResTime" : 305.0,
    "minResTime" : 231.0,
    "maxResTime" : 757.0,
    "pct1ResTime" : 726.0000000000001,
    "pct2ResTime" : 757.0,
    "pct3ResTime" : 757.0,
    "throughput" : 1.783166904422254,
    "receivedKBytesPerSec" : 98.1025641382846,
    "sentKBytesPerSec" : 1.6198260297788873
  },
  "DashBoard_Navigation_T07_ClickOnEPSNomination-0" : {
    "transaction" : "DashBoard_Navigation_T07_ClickOnEPSNomination-0",
    "sampleCount" : 10,
    "errorCount" : 0,
    "errorPct" : 0.0,
    "meanResTime" : 547.8,
    "medianResTime" : 543.5,
    "minResTime" : 498.0,
    "maxResTime" : 611.0,
    "pct1ResTime" : 606.8,
    "pct2ResTime" : 611.0,
    "pct3ResTime" : 611.0,
    "throughput" : 1.4712373105781962,
    "receivedKBytesPerSec" : 240.10003839009858,
    "sentKBytesPerSec" : 1.5769824922760043
  }
}